chemical formula,"lattice constant, a0","lattice mismatch, delta","valence electron concentration, vec","average displacement, <u>","displacement l21 norm, l21_norm_u",<u>/l21_norm_u,"local lattice displacement, lld","total occupied states, g_occ","total bonding states, g_bond",g_occ/g_bond,"Hartigan's dip, dip",epsilon_p
Mo18Nb18Ta18V18,3.1959067606721447,3.5881654748165124,5.25,0.06637839836273508,4.779244682116926,0.01388888888888889,0.045138888888888895,3.6523757428391237,3.9102749030891224,0.9340457725756678,0.020172837723400682,3.8107468509278988
Mo18Nb18Ta18V18,3.1959185231083773,3.5881654748165124,5.25,0.061976449267267926,4.462304347243291,0.01388888888888889,0.04513888888888889,3.6152734738835117,3.8998880761335126,0.9270198024420798,0.01954324517129115,4.079335037504279
Mo18Nb18Ta18V18,3.1956903332402273,3.5881654748165124,5.25,0.06132394963937656,4.415324374035112,0.01388888888888889,0.04513888888888889,3.618430449497483,3.9183127796224824,0.923466464524077,0.018038508183924034,4.216340456508988
Mo18Nb18Ta18V18,3.1954217593114507,3.5881654748165124,5.25,0.06486207853437412,4.670069654474936,0.01388888888888889,0.04513888888888889,3.6319876660566415,3.89878092428164,0.9315700821855858,0.016086516517107043,3.9062883068854717
Mo18Nb18Ta18V18,3.1960586027429727,3.5881654748165124,5.25,0.06510341180552369,4.687445649997706,0.013888888888888888,0.04513888888888889,3.6575009264225216,3.9296767106725223,0.9307383776607362,0.018651152569469948,3.93802511281865
Mo18Nb18Ta18W18,3.2296370757565738,2.4561403508771953,5.5,0.0338137499123023,2.4345899936857656,0.01388888888888889,0.04861111111111111,3.8321317684922427,3.8958225343422423,0.9836515228071719,0.013193486865868548,
Mo18Nb18Ta18W18,3.2301075462820883,2.4561403508771953,5.5,0.03630221371071913,2.6137593871717772,0.01388888888888889,0.04861111111111111,3.818504896698501,3.8859187829860007,0.9826517510909742,0.014000221782616265,
Mo18Nb18Ta18W18,3.2299480878229323,2.4561403508771953,5.5,0.0360559150313438,2.596025882256754,0.013888888888888888,0.04861111111111111,3.847995787714077,3.847995787714077,1.0,0.010748471134041298,
Mo18Nb18Ta18W18,3.230558622888598,2.4561403508771953,5.5,0.03819783611696434,2.7502442004214327,0.013888888888888888,0.048611111111111105,3.7753433206885623,3.8413950299573125,0.9828052806978603,0.022660437123023826,
Mo18Nb18Ta18W18,3.229854315276505,2.4561403508771953,5.5,0.03423807104602916,2.4651411153140996,0.013888888888888888,0.04861111111111111,3.765377240253075,3.8334252097530754,0.9822487812395893,0.012805032306354547,
Mo18Nb18Ta18V18W18,3.187977886577783,3.282448865991859,5.4,0.05608170375480528,5.047353337932475,0.011111111111111112,0.03777777777777778,3.7412973028389716,4.092254478638972,0.9142386726847145,0.01783809012590348,4.607820167844693
Mo18Nb18Ta18V18W18,3.1882762840959327,3.282448865991859,5.4,0.04864232980656477,4.377809682590829,0.011111111111111112,0.037777777777777785,3.757558500417212,4.098286233717213,0.9168609233545518,0.015917982988775045,4.488921132788164
Mo18Nb18Ta18V18W18,3.18802743052154,3.282448865991859,5.4,0.052694636447519254,4.742517280276733,0.011111111111111112,0.037777777777777785,3.8071185837133927,4.1409050597133925,0.9193928691465575,0.013274106380186994,4.380611011512883
Mo18Nb18Ta18V18W18,3.1880032469066535,3.282448865991859,5.4,0.05630962888124035,5.067866599311632,0.011111111111111112,0.03777777777777778,3.7441986885393117,4.0862968916393125,0.9162816084656149,0.015221644370565893,4.514549210058249
Mo18Nb18Ta18V18W18,3.187859099391199,3.282448865991859,5.4,0.05238870509033949,4.714983458130554,0.01111111111111111,0.03777777777777778,3.7044714523506106,4.06298678485061,0.9117606451892062,0.014198485353322908,4.727791378036272
Hf18Nb18Ti18V18Zr18,3.3505155796349704,6.420337809559277,4.4,0.25140642799612356,22.62657851965112,0.011111111111111112,0.026666666666666672,2.539018417401054,3.2731261940010548,0.7757166289691292,0.02443773979130995,59.12025628047377
Hf18Nb18Ti18V18Zr18,3.349521431133481,6.420337809559277,4.4,0.2600798719723627,23.407188477512644,0.011111111111111112,0.02666666666666667,2.5794488526607178,5.717300460940716,0.4511655230091405,0.02628265369547154,1516.8790934723893
Hf18Nb18Ti18V18Zr18,3.349251600979188,6.420337809559277,4.4,0.23244907550435062,20.920416795391557,0.011111111111111112,0.026666666666666672,2.6163678035069564,0.30266062210695593,8.644559656599032,0.023255877069031473,
Hf18Nb18Ti18V18Zr18,3.348950745607755,6.420337809559277,4.4,0.21386189174900455,19.24757025741041,0.011111111111111112,0.026666666666666672,2.5935851018037797,3.4714642035037793,0.7471156116736135,0.028556097975722283,93.28766821414138
Hf18Nb18Ti18V18Zr18,3.3493758050304065,6.420337809559277,4.4,0.21660889078809156,19.49480017092824,0.011111111111111112,0.026666666666666672,2.5902174014110773,5.515556415811078,0.46962032588151464,0.023491010593039412,1349.5707412080792
Mo18Nb18Ti18V18,3.168603760106171,3.7562352695175383,5.0,0.08491533882909073,6.113904395694533,0.013888888888888888,0.041666666666666664,3.461282350853871,3.94305459312887,0.8778175064797401,0.017966190023642165,7.777201514882108
Mo18Nb18Ti18V18,3.1693906069394506,3.7562352695175383,5.0,0.08537112040134523,6.146720668896856,0.01388888888888889,0.04166666666666667,3.4516121624382725,3.9359844468132716,0.8769374495960811,0.01660389782506899,7.906789533893971
Mo18Nb18Ti18V18,3.1681922520075503,3.7562352695175383,5.0,0.08881913975348536,6.394978062250946,0.01388888888888889,0.041666666666666664,3.4379062213354503,3.89815031208545,0.8819326978431018,0.014333871265515538,7.213535285960461
Mo18Nb18Ti18V18,3.1688442198502362,3.7562352695175383,5.0,0.08463170139447823,6.093482500402433,0.013888888888888888,0.041666666666666664,3.412792620195488,3.9117421900704876,0.8724482479593041,0.01464254591443785,8.620548440869243
Mo18Nb18Ti18V18,3.1692502396113467,3.7562352695175383,5.0,0.08128452883968602,5.852486076457394,0.013888888888888888,0.041666666666666664,3.35682258106404,3.841732966239039,0.873778216904619,0.018317006320590447,8.399666916635397
Mo18Nb18Ta18Ti18V18,3.2005897354908033,3.5697373671738317,5.0,0.09819910087237367,8.83791907851363,0.011111111111111112,0.03333333333333333,3.3754656553029188,6.333103079222916,0.5329876386153966,0.014724491046483467,869.8230209989724
Mo18Nb18Ta18Ti18V18,3.201011961856359,3.5697373671738317,5.0,0.08017004438157314,7.215303994341583,0.011111111111111112,0.03333333333333333,3.4016446375676894,5.33966686356769,0.6370518469564009,0.014966724034637897,355.91211724726236
Mo18Nb18Ta18Ti18V18,3.1995835518736238,3.5697373671738317,5.0,0.08790486102686985,7.911437492418287,0.011111111111111112,0.03333333333333333,3.373665310698882,4.038770336498882,0.8353199190879064,0.019410278277825276,18.803826523015232
Mo18Nb18Ta18Ti18V18,3.200439599256027,3.5697373671738317,5.0,0.08461916810008113,7.615725129007302,0.011111111111111112,0.03333333333333333,3.3624179926006934,4.074433480780694,0.8252479782677485,0.01330366007397014,23.21990648713654
Mo18Nb18Ta18Ti18V18,3.1993712814077915,3.5697373671738317,5.0,0.08976445974983781,8.078801377485403,0.01111111111111111,0.033333333333333326,3.4404404148790753,4.106101846839076,0.8378848219577324,0.01336951254899999,17.80733274774866
Nb18Ti18Zr18,3.387463598029538,4.223206726205081,4.333333333333333,0.1769677188673216,9.556256818835367,0.018518518518518517,0.04320987654320987,2.3795236728730194,3.3806926742063528,0.7038568430156501,0.013641547905795757,168.82986775579957
Nb18Ti18Zr18,3.3858502544424525,4.223206726205081,4.333333333333333,0.18129073046650282,9.789699445191152,0.018518518518518517,0.043209876543209874,2.392047420836432,3.388178009336433,0.7059981542424654,0.02132495392903759,164.33047231683486
Nb18Ti18Zr18,3.386058974856324,4.223206726205081,4.333333333333333,0.17297287509310608,9.340535255027728,0.018518518518518517,0.043209876543209874,2.3845936173542412,3.386386216020908,0.7041706011183215,0.021551497490390533,168.1653011528997
Nb18Ti18Zr18,3.3885343427093493,4.223206726205081,4.333333333333333,0.19460796460616853,10.5088300887331,0.018518518518518517,0.04320987654320987,2.3633789527211344,3.3502969870544685,0.7054237167192101,0.023382942415781625,165.52921561887524
Nb18Ti18Zr18,3.3857213277664453,4.223206726205081,4.333333333333333,0.1779791099868378,9.610871939289241,0.018518518518518517,0.04320987654320987,2.412000966988189,3.4062557471548556,0.708109180880755,0.021333726319131312,159.9770035255151
Re6W48,3.1635238812633304,0.4529106684941834,6.111111111111111,0.007455290349729366,0.40258567888538577,0.018518518518518517,0.07613168724279834,4.224658024682504,3.9508182823491707,1.069312158333566,0.027538416820690755,
Re6W48,3.163504411382457,0.4529106684941834,6.111111111111111,0.00828963014622179,0.4476400278959767,0.01851851851851852,0.07613168724279835,4.2229480837510485,3.9449163567510475,1.0704784846766642,0.026103312810040857,
Re6W48,3.1635352148475744,0.4529106684941834,6.111111111111111,0.009059605230834778,0.489218682465078,0.01851851851851852,0.07613168724279835,4.221951716683118,3.9465845240164503,1.0697735449452443,0.026170683266927498,
Re6W48,3.1635828830368857,0.4529106684941834,6.111111111111111,0.008868097737967888,0.478877277850266,0.018518518518518517,0.07613168724279834,4.224916824343581,3.9505868288435813,1.0694403154227854,0.027108770614891677,
Re6W48,3.163503624481546,0.4529106684941834,6.111111111111111,0.007511334644241874,0.4056120707890612,0.018518518518518517,0.07613168724279835,4.22956807077275,3.9526107571060836,1.0700694631184584,0.025934303743585116,
Mo18Nb18Ta18Ti18Zr18,3.314227450324446,4.626929831697528,4.8,0.12561930163459809,11.305737147113827,0.011111111111111112,0.03111111111111111,2.965263653082354,3.7792836366023534,0.7846099785588418,0.018170002053498176,50.686879456456154
Mo18Nb18Ta18Ti18Zr18,3.3126457474254596,4.626929831697528,4.8,0.12785526211190212,11.50697359007119,0.011111111111111112,0.03111111111111111,3.0147152200677914,3.502010244067791,0.860852770255184,0.0201113870892444,10.91551605568202
Mo18Nb18Ta18Ti18Zr18,3.3147960023642886,4.626929831697528,4.8,0.1295996008494522,11.663964076450698,0.011111111111111112,0.03111111111111111,2.971586833722032,3.530734208722031,0.8416342488713175,0.02359924101282724,16.43888781556052
Mo18Nb18Ta18Ti18Zr18,3.3153071442908857,4.626929831697528,4.8,0.13212936992534927,11.891643293281433,0.011111111111111112,0.03111111111111111,3.0204503404634093,4.92544390546341,0.6132341365441316,0.02231906066171116,447.2448201209463
Mo18Nb18Ta18Ti18Zr18,3.313949306991338,4.626929831697528,4.8,0.13987449259959425,12.588704333963483,0.011111111111111112,0.03111111111111111,3.0188353122777367,3.765326553137737,0.8017459494348688,0.020117817092388735,37.0337481979459
Cr18Mo18Ta18Ti18,3.1333013914005194,5.416339602893964,5.25,0.09383727152277327,6.756283549639676,0.013888888888888888,0.04513888888888889,3.6646336448479957,3.968751312222995,0.9233719516669198,0.01567097760451632,4.220045729258345
Cr18Mo18Ta18Ti18,3.131955673758127,5.416339602893964,5.25,0.1031745007345962,7.428564052890927,0.013888888888888888,0.04513888888888889,3.6810905563517426,4.001243865351744,0.919986554238214,0.0226043697968973,4.355991943835761
Cr18Mo18Ta18Ti18,3.1328737992734266,5.416339602893964,5.25,0.09367974589237964,6.7449417042513335,0.01388888888888889,0.045138888888888895,3.664626367795509,3.9657985305455092,0.9240576241000893,0.022084809367802914,4.19325305372513
Cr18Mo18Ta18Ti18,3.132382848199279,5.416339602893964,5.25,0.10775273243906633,7.758196735612776,0.013888888888888888,0.04513888888888889,3.6824744058315306,3.98584886908153,0.9238871133315432,0.020612971256536657,4.199897126660289
Cr18Mo18Ta18Ti18,3.133294986903899,5.416339602893964,5.25,0.09675917415153232,6.966660538910327,0.013888888888888888,0.04513888888888888,3.6509720430894173,3.955863365089418,0.9229267308141444,0.022830882181204493,4.237556230686096
Mo18Ta18Ti18V18,3.164795365327532,3.7562352695175383,5.0,0.08827335997095173,6.355681917908525,0.013888888888888888,0.04166666666666666,3.4851669590811816,3.9369129929561812,0.8852537420351296,0.01934356043274005,6.80664130453988
Mo18Ta18Ti18V18,3.165974524220367,3.7562352695175383,5.0,0.08923374815178765,6.424829866928711,0.01388888888888889,0.04166666666666667,3.4192213486458374,3.907899998395838,0.8749510862738045,0.01167092634858905,8.211540248592428
Mo18Ta18Ti18V18,3.165238213282855,3.7562352695175383,5.0,0.08478568402538797,6.104569249827934,0.013888888888888888,0.04166666666666666,3.503662781924834,3.973956283299834,0.8816560958782151,0.01792426334277072,7.249306160638298
Mo18Ta18Ti18V18,3.1658604460442046,3.7562352695175383,5.0,0.08280492563744375,5.9619546458959505,0.013888888888888888,0.041666666666666664,3.473594736803821,3.953211230041321,0.8786767351077046,0.013855474722381429,7.653821902504205
Mo18Ta18Ti18V18,3.1662568369700765,3.7562352695175383,5.0,0.08235724987665659,5.9297219911192744,0.013888888888888888,0.041666666666666664,3.5458000681893975,3.207194240939399,1.1055769628567367,0.0157517503498508,
Mo18Nb18Ti18Zr18,3.314794359081934,5.123564489224024,4.75,0.14602201719910013,10.51358523833521,0.013888888888888888,0.03819444444444444,2.9844158826187543,3.6060391628687536,0.8276160484747835,0.023241680919211784,22.106949762373915
Mo18Nb18Ti18Zr18,3.3133975354508896,5.123564489224024,4.75,0.14035706140049614,10.105708420835722,0.01388888888888889,0.03819444444444445,2.901352175823795,2.787598106573795,1.040807198491684,0.016177755399997336,
Mo18Nb18Ti18Zr18,3.3128105024641816,5.123564489224024,4.75,0.13233983901406723,9.528468409012842,0.013888888888888888,0.03819444444444444,2.9937910224404973,3.589960622165498,0.8339342231098387,0.020458924991675356,19.363168583111474
Mo18Nb18Ti18Zr18,3.3143118841849355,5.123564489224024,4.75,0.13153276165447203,9.470358839121985,0.01388888888888889,0.03819444444444445,2.9357783100421213,3.556336999792121,0.8255062189589251,0.01659716019556628,23.096234055918103
Mo18Nb18Ti18Zr18,3.3138735769796654,5.123564489224024,4.75,0.1319922279050502,9.503440409163614,0.013888888888888888,0.03819444444444444,2.95092540188931,3.55457358971431,0.8301770458285781,0.014976496108961679,20.95587571052056
Mo39Re15,3.1404678795224545,0.6470511836515642,6.277777777777778,0.04796949510534287,2.5903527356885148,0.018518518518518517,0.07921810699588477,4.439975253854234,3.7277717528542342,1.191053408904311,0.020980991615981003,
Mo39Re15,3.1407536271943983,0.6470511836515642,6.277777777777778,0.04802990244508326,2.593614732034496,0.018518518518518517,0.07921810699588477,4.441836501333429,3.7317267185334284,1.1902898674957298,0.020414743493716515,
Mo39Re15,3.140742304405249,0.6470511836515642,6.277777777777778,0.047464020511985304,2.5630571076472064,0.018518518518518517,0.07921810699588477,4.431743972776062,3.720544555109396,1.191154656833764,0.01847139226533668,
Mo39Re15,3.140241806773442,0.6470511836515642,6.277777777777778,0.04772718343243849,2.5772679053516785,0.018518518518518517,0.07921810699588476,4.42567116928455,3.711369438251218,1.1924631171640807,0.018594875110248456,
Mo39Re15,3.1406574079340723,0.6470511836515642,6.277777777777778,0.0478009287450272,2.5812501522314686,0.01851851851851852,0.07921810699588477,4.4377486676738815,3.7191293777472154,1.1932224499170165,0.01934789051661084,
Cr18Nb18Ti18V18Zr18,3.209731166623955,7.787083024937093,4.8,0.21073958927773517,18.966563034996167,0.01111111111111111,0.031111111111111107,3.1655618754283465,3.7381975094283475,0.8468150405226798,0.021392290537857694,14.713198704032038
Cr18Nb18Ti18V18Zr18,3.209881044859047,7.787083024937093,4.8,0.22192994445954375,19.973695001358937,0.011111111111111112,0.03111111111111111,3.138480154712138,3.76210246941214,0.8342356914065001,0.025730952086452853,19.240210399062562
Cr18Nb18Ti18V18Zr18,3.2113339869669595,7.787083024937093,4.8,0.2331937536303405,20.987437826730645,0.011111111111111112,0.031111111111111114,3.1540034108555077,3.772250811155508,0.8361064968236774,0.023901423676066513,18.492912155752492
Cr18Nb18Ti18V18Zr18,3.2098498937456195,7.787083024937093,4.8,0.22006787601284614,19.806108841156153,0.011111111111111112,0.03111111111111111,3.1053081201092767,3.6700589296092763,0.846119416518436,0.02121158334489056,14.934120512361915
Cr18Nb18Ti18V18Zr18,3.21019133715617,7.787083024937093,4.8,0.24493939968797068,22.044545971917362,0.011111111111111112,0.031111111111111107,3.0973060862623916,3.6949032127623918,0.838264470788878,0.02053463256412956,17.664053509646692
Nb18Ta18Ti18V18,3.2187871595046977,3.7389677636349936,4.75,0.101995322379112,7.3436632112960645,0.013888888888888888,0.03819444444444445,3.092742426002255,3.743228447551005,0.8262232640451511,0.026784247613856036,22.755808144471303
Nb18Ta18Ti18V18,3.218950207707357,3.7389677636349936,4.75,0.10430648071168126,7.510066611241051,0.01388888888888889,0.03819444444444444,3.103695866921864,3.7633688893718644,0.8247121018848341,0.015033131725927122,23.478355580957214
Nb18Ta18Ti18V18,3.2179679760832736,3.7389677636349936,4.75,0.09249898458615816,6.659926890203387,0.01388888888888889,0.03819444444444444,3.1410522487855514,3.814677912760551,0.8234121780710132,0.01741459232483037,24.115550622342198
Nb18Ta18Ti18V18,3.218554092633486,3.7389677636349936,4.75,0.09900421721469357,7.128303639457937,0.01388888888888889,0.03819444444444445,3.1259932974065823,3.7920270821690814,0.824359433535079,0.015100166337790658,23.649786933567157
Nb18Ta18Ti18V18,3.2190352200344603,3.7389677636349936,4.75,0.09444440235611763,6.799996969640469,0.01388888888888889,0.03819444444444444,3.1342937699127646,3.7999506557752643,0.8248248605936983,0.013388298864627201,23.423768881702927
Hf10Mo14Nb10Ti10Zr10,3.344017851822484,5.566009678438314,4.703703703703703,0.15686727992981397,8.470833116209954,0.018518518518518517,0.05006858710562414,2.8498472040251475,3.6039795205251477,0.7907501104806186,0.031944684915323214,45.415589347287096
Hf10Mo14Nb10Ti10Zr10,3.3422074993163386,5.566009678438314,4.703703703703703,0.156891852812282,8.472160051863227,0.018518518518518517,0.05006858710562413,2.8352344662872757,3.5816064809539423,0.791609709599399,0.039345912434617075,44.71224843879645
Hf10Mo14Nb10Ti10Zr10,3.3410477278699484,5.566009678438314,4.703703703703703,0.156668834808479,8.460117079657866,0.018518518518518517,0.05006858710562414,2.858953681388073,3.5992269435547404,0.7943243719342844,0.038806617128109344,42.545599371400385
Hf10Mo14Nb10Ti10Zr10,3.3406109347315986,5.566009678438314,4.703703703703703,0.14964734952813655,8.080956874519373,0.01851851851851852,0.05006858710562414,2.8262824189648614,3.586084758964862,0.788124823848469,0.031580721679050086,47.61585437034046
Hf10Mo14Nb10Ti10Zr10,3.3431965509261268,5.566009678438314,4.703703703703703,0.14840737658449385,8.013998335562668,0.018518518518518517,0.05006858710562413,2.855632140942985,3.5943925734429847,0.7944686292871014,0.030215972437957647,42.43276071928085
Mo18Nb18Ta18Ti18W18,3.2268130670238855,2.51819666461197,5.2,0.06141924450224526,5.527732005202073,0.011111111111111112,0.03555555555555556,2.855632140942985,3.5943925734429847,0.7944686292871014,0.030215972437957647,42.43276071928085
Mo18Nb18Ta18Ti18W18,3.2267077851589168,2.51819666461197,5.2,0.051546294468114005,4.63916650213026,0.011111111111111112,0.03555555555555556,3.5909390542258595,4.16044154618586,0.8631148916195928,0.017159654892507207,10.412705396514866
Mo18Nb18Ta18Ti18W18,3.2261218778194944,2.51819666461197,5.2,0.056604134830444436,5.0943721347399995,0.01111111111111111,0.035555555555555556,3.500436682525996,4.011737616825996,0.8725487598801313,0.02115881493619201,8.603570809735174
Mo18Nb18Ta18Ti18W18,3.225825977610974,2.51819666461197,5.2,0.054548292657146065,4.909346339143146,0.011111111111111112,0.03555555555555556,3.5635611581567828,3.901207701656782,0.9134507646551078,0.018381951361184343,4.645101711974348
Mo18Nb18Ta18Ti18W18,3.2255464204998727,2.51819666461197,5.2,0.05222803866104986,4.700523479494487,0.011111111111111112,0.035555555555555556,3.549499536742366,4.044672552822366,0.8775740162860727,0.018922407512513558,7.812727185375479
Mo6Nb14Ti14V6Zr14,3.3147270747833137,5.6355878801333885,4.592592592592593,0.17689508430745193,9.552334552602405,0.018518518518518517,0.04801097393689986,2.738535489990406,3.5682674664904064,0.767469231414962,0.0294014012363646,67.83045150516045
Mo6Nb14Ti14V6Zr14,3.3128053078674395,5.6355878801333885,4.592592592592593,0.16707891275638515,9.022261288844797,0.01851851851851852,0.04801097393689986,2.742474837025646,3.5761125921923127,0.7668871620578338,0.025872247977629187,68.47876434162754
Mo6Nb14Ti14V6Zr14,3.3148887457822536,5.6355878801333885,4.592592592592593,0.17039512819726343,9.201336922652226,0.018518518518518517,0.04801097393689986,2.7384922322764305,3.5793731107764297,0.7650759357921205,0.02775077663668436,70.52507669746228
Mo6Nb14Ti14V6Zr14,3.3127259216821208,5.6355878801333885,4.592592592592593,0.16026516918242406,8.6543191358509,0.018518518518518517,0.04801097393689986,2.7355671580335796,3.581862897866913,0.7637274893080572,0.03217719410889383,72.07722261119306
Mo6Nb14Ti14V6Zr14,3.3158736394962167,5.6355878801333885,4.592592592592593,0.17298606681181528,9.341247607838024,0.01851851851851852,0.04801097393689986,2.7469447989924682,3.586039091159135,0.7660108351201934,0.03203386875877651,69.4633440671696
Hf18Ta18Ti18Zr18,3.426597839161347,4.260916604707621,4.25,0.2548223456293677,18.347208885314473,0.013888888888888888,0.03125,2.394766304312628,5.442896876575128,0.4399800985793256,0.025341798084503857,1624.7644519650803
Hf18Ta18Ti18Zr18,3.426773443669227,4.260916604707621,4.25,0.23162281435596796,16.676842633629693,0.013888888888888888,0.03125,2.4351373058988646,5.334666853148865,0.4564741103676398,0.021217158873639484,1467.404017798397
Hf18Ta18Ti18Zr18,3.4258612666180195,4.260916604707621,4.25,0.2522560802308772,18.162437776623158,0.01388888888888889,0.03125,2.4504095876717833,3.3385837935467837,0.7339667772928838,0.020553269070765306,112.98336134073725
Hf18Ta18Ti18Zr18,3.422846131541161,4.260916604707621,4.25,0.22753167873835048,16.382280869161235,0.013888888888888888,0.03125,2.3327070769335134,5.660649389683514,0.4120917789370337,0.02323897394888409,1915.9099950696254
Hf18Ta18Ti18Zr18,3.424966577744845,4.260916604707621,4.25,0.23300288516517753,16.776207731892782,0.013888888888888888,0.03125,2.452601249202045,3.244657052077044,0.7558892079617565,0.028752252118422347,81.59512921793976
Hf18Mo18Nb18Ti18Zr18,3.3632629970030354,5.382525414489416,4.6,0.19999088468198392,17.999179621378552,0.011111111111111112,0.028888888888888884,2.7370821324916537,3.3907104463816538,0.8072296870446399,0.032129064467193894,33.333075502856445
Hf18Mo18Nb18Ti18Zr18,3.361541166140492,5.382525414489416,4.6,0.16734049557550393,15.060644601795353,0.011111111111111112,0.028888888888888888,2.7617510644239274,3.4239779629839275,0.8065913666153146,0.028864819643410804,33.74810548463029
Hf18Mo18Nb18Ti18Zr18,3.363757275714267,5.382525414489416,4.6,0.1801031034073382,16.209279306660438,0.011111111111111112,0.028888888888888888,2.737983942668394,0.4141075141683941,6.611770733421202,0.030453718958810234,
Hf18Mo18Nb18Ti18Zr18,3.3624304700078778,5.382525414489416,4.6,0.1820816611663239,16.38734950496915,0.011111111111111112,0.028888888888888884,2.7445059139618877,3.388776328361888,0.8098811039820275,0.030644357735262154,31.652557781069845
Hf18Mo18Nb18Ti18Zr18,3.362561441141553,5.382525414489416,4.6,0.17991223666132553,16.192101299519297,0.011111111111111112,0.028888888888888884,2.761704146379612,3.4010154295796124,0.8120234099381832,0.027737016666031657,30.34506802809301
Cr18Nb18Ti18Zr18,3.260893159488213,7.8403042849778855,4.75,0.21883667334719284,15.756240480997885,0.013888888888888888,0.03819444444444444,3.0263126095769652,3.723701426851965,0.8127162365258227,0.023302378970836177,29.931704378164795
Cr18Nb18Ti18Zr18,3.2673656797051995,7.8403042849778855,4.75,0.25763135710694157,18.549457711699795,0.013888888888888888,0.03819444444444444,2.91348247088762,3.5227411673876197,0.8270498263851127,0.017497386959943427,22.36877408829787
Cr18Nb18Ti18Zr18,3.2612241967158004,7.8403042849778855,4.75,0.21174223586562077,15.245440982324695,0.01388888888888889,0.03819444444444445,2.992059591221526,5.755624496471526,0.519849686694433,0.018772431010786052,957.8534185662666
Cr18Nb18Ti18Zr18,3.2598259123305544,7.8403042849778855,4.75,0.20703546467632256,14.906553456695224,0.013888888888888888,0.03819444444444445,2.9711555018128126,5.505305234862813,0.5396895131259423,0.017107483273685296,827.0938090439377
Cr18Nb18Ti18Zr18,3.2634883161831034,7.8403042849778855,4.75,0.24233124899905936,17.447849927932275,0.013888888888888888,0.03819444444444444,2.9614528396202964,3.739197749995297,0.7920021987668401,0.021602016279256633,44.39388410635911
Mo18Nb18Ti18,3.224877320363624,2.471545891673911,5.0,0.08108371896267418,4.378520823984405,0.01851851851851852,0.05555555555555556,3.3037827108850673,3.8671685013850663,0.8543156859344979,0.020118703476193645,12.53293272189876
Mo18Nb18Ti18,3.2232941240766575,2.471545891673911,5.0,0.07615115334268771,4.112162280505136,0.01851851851851852,0.05555555555555556,3.311791646728536,3.8676264777285363,0.8562852865444124,0.024524834781301963,12.019058103373027
Mo18Nb18Ti18,3.222231820693363,2.471545891673911,5.0,0.07274351995405105,3.928150077518757,0.018518518518518517,0.05555555555555555,3.304834289621188,3.852640858954522,0.8578101127541926,0.020306664746679897,11.637175757796285
Mo18Nb18Ti18,3.223921449559163,2.471545891673911,5.0,0.07552479798011659,4.0783390909262955,0.01851851851851852,0.055555555555555566,3.304338348304153,3.8576295948041524,0.8565722206079017,0.021013650423913656,11.946145216088553
Mo18Nb18Ti18,3.222673379844554,2.471545891673911,5.0,0.07238621026181864,3.9088553541382067,0.018518518518518517,0.05555555555555556,3.3037336419109224,3.855073860410922,0.8569832282172589,0.01989612753858645,11.842556995057748
Hf10Mo10Nb10Ti14Zr10,3.353405651779775,5.217538551197913,4.555555555555555,0.17912439059106045,9.672717091917264,0.01851851851851852,0.047325102880658436,2.7106498614181285,3.5893625975847954,0.755189755206695,0.03262781615574954,82.4863705271473
Hf10Mo10Nb10Ti14Zr10,3.3547775449963333,5.217538551197913,4.555555555555555,0.17444859269973684,9.420224005785789,0.018518518518518517,0.047325102880658436,2.698034949955675,3.576842687455675,0.7543062934855754,0.0321392989067484,83.62206978626818
Hf10Mo10Nb10Ti14Zr10,3.3524982809262247,5.217538551197913,4.555555555555555,0.17772099661781993,9.596933817362276,0.01851851851851852,0.047325102880658436,2.682431767380139,3.559470833713473,0.7536040868697471,0.033406481493194785,84.53275606766874
Hf10Mo10Nb10Ti14Zr10,3.3534393140553784,5.217538551197913,4.555555555555555,0.17505404063869626,9.452918194489598,0.018518518518518517,0.047325102880658436,2.711679801692268,3.581794764358935,0.7570729145832567,0.029486058797871778,80.10269856375817
Hf10Mo10Nb10Ti14Zr10,3.353271843468117,5.217538551197913,4.555555555555555,0.1550922625795282,8.374982179294523,0.018518518518518517,0.047325102880658436,2.7061532117753186,3.5662324374419847,0.7588269298891829,0.02908253080664504,77.92758897419299
Cr18Mo18Nb18Ti18,3.1360964505133375,5.416339602893964,5.25,0.08842877527265114,6.366871819630882,0.013888888888888888,0.04513888888888889,3.589323888883585,3.865171485133585,0.9286325076879567,0.020240111531306924,4.018031405705187
Cr18Mo18Nb18Ti18,3.135882146677305,5.416339602893964,5.25,0.1010893451246328,7.278432848973561,0.01388888888888889,0.045138888888888895,3.6274824212382963,3.932074223738296,0.9225366091359235,0.026061687460404506,4.252979928985951
Cr18Mo18Nb18Ti18,3.1354431073172973,5.416339602893964,5.25,0.0888166598988586,6.394799512717819,0.01388888888888889,0.045138888888888895,3.5999757750322234,3.882007420032224,0.9273490195962429,0.02767794326882427,4.066798531008317
Cr18Mo18Nb18Ti18,3.1354054202686608,5.416339602893964,5.25,0.1014092411528645,7.301465363006244,0.013888888888888888,0.04513888888888889,3.604969088728286,3.935402347978287,0.9160357112101251,0.03416801144402297,4.525531994373523
Cr18Mo18Nb18Ti18,3.136689340772532,5.416339602893964,5.25,0.09616573107580326,6.923932637457835,0.013888888888888888,0.04513888888888888,3.628581503184996,3.924016409309996,0.9247110930973528,0.025084154931885667,4.167894557618638
Mo12Nb12Ta12Ti6W12,3.229650235780357,2.5105663436524535,5.333333333333333,0.045889634262847985,2.478040250193791,0.01851851851851852,0.06172839506172839,3.603530255059297,3.90836534439263,0.9220044539155781,0.02612557940471841,4.274149057882823
Mo12Nb12Ta12Ti6W12,3.2296931716647213,2.5105663436524535,5.333333333333333,0.05043610941706088,2.7235499085212873,0.01851851851851852,0.06172839506172839,3.5762687945769143,3.8849926439102473,0.9205342512508332,0.026158327131663068,4.333510288694015
Mo12Nb12Ta12Ti6W12,3.229898054075045,2.5105663436524535,5.333333333333333,0.049278715496240494,2.6610506367969866,0.018518518518518517,0.061728395061728385,3.598273474672467,3.9100063890057997,0.9202730422103997,0.023313993706223217,4.344205622170193
Mo12Nb12Ta12Ti6W12,3.2304224843484266,2.5105663436524535,5.333333333333333,0.04624973562881892,2.497485723956222,0.018518518518518517,0.061728395061728385,3.59026968131069,3.8913192436440225,0.922635604152741,0.022531673448347094,4.249058713396153
Mo12Nb12Ta12Ti6W12,3.229697446644256,2.5105663436524535,5.333333333333333,0.05005523545998708,2.7029827148393024,0.018518518518518517,0.061728395061728385,3.5821101909912914,3.8927453489912907,0.9202015209958461,0.026992420202110737,4.347142506094315
Hf16Mo16Nb16Ta16Ti16Zr16,3.3493228941099105,5.046363566446506,4.666666666666667,0.16153028546533396,15.506907404672061,0.010416666666666666,0.02777777777777778,3.5821101909912914,3.8927453489912907,0.9202015209958461,0.026992420202110737,4.347142506094315
Hf16Mo16Nb16Ta16Ti16Zr16,3.349461004941327,5.046363566446506,4.666666666666667,0.1515739674883324,14.551100878879911,0.010416666666666666,0.02777777777777778,3.5821101909912914,3.8927453489912907,0.9202015209958461,0.026992420202110737,4.347142506094315
Hf16Mo16Nb16Ta16Ti16Zr16,3.3499516782957235,5.046363566446506,4.666666666666667,0.1557916928463726,14.956002513251768,0.010416666666666668,0.027777777777777783,3.5821101909912914,3.8927453489912907,0.9202015209958461,0.026992420202110737,4.347142506094315
Hf16Mo16Nb16Ta16Ti16Zr16,3.350995769589874,5.046363566446506,4.666666666666667,0.1669896549140264,16.031006871746534,0.010416666666666666,0.02777777777777778,3.5821101909912914,3.8927453489912907,0.9202015209958461,0.026992420202110737,4.347142506094315
Hf16Mo16Nb16Ta16Ti16Zr16,3.3489307459908746,5.046363566446506,4.666666666666667,0.15135898695708658,14.53046274788031,0.010416666666666668,0.027777777777777783,3.5821101909912914,3.8927453489912907,0.9202015209958461,0.026992420202110737,4.347142506094315
Cr35Re19,2.9490629452201516,3.276695542116301,6.351851851851852,0.07788970727384373,4.206044192787561,0.018518518518518517,0.08058984910836764,4.560978604332163,4.054011802165498,1.1250531145212412,0.019221446869553727,
Cr35Re19,2.9477407220597014,3.276695542116301,6.351851851851852,0.08398892918048464,4.535402175746171,0.018518518518518517,0.08058984910836763,4.563825461367964,4.066036716534629,1.1224260329005553,0.014931901034215529,
Cr35Re19,2.9480670680252317,3.276695542116301,6.351851851851852,0.07981045161414321,4.3097643871637334,0.018518518518518517,0.08058984910836764,4.569884187051423,4.05934951821809,1.125767605509722,0.02063922938702574,
Cr35Re19,2.948648347241609,3.276695542116301,6.351851851851852,0.0801632681366064,4.328816479376746,0.018518518518518517,0.08058984910836763,4.566340689554929,4.063934110888261,1.1236256703376661,0.016652584599590632,
Cr35Re19,2.94890938115938,3.276695542116301,6.351851851851852,0.07221121375975595,3.899405543026821,0.01851851851851852,0.08058984910836763,4.567450779409382,4.062520973076049,1.1242897722078742,0.01681148898471135,
Nb18Ta18Ti18W18,3.251545618928676,2.215613922987146,5.0,0.0623601191079493,4.48992857577235,0.013888888888888888,0.041666666666666664,3.325975058296775,3.789770334996775,0.8776191600802125,0.02621182549106214,7.806121748142687
Nb18Ta18Ti18W18,3.2515324888265043,2.215613922987146,5.0,0.0660538028931869,4.755873808309456,0.01388888888888889,0.041666666666666664,3.27877572637422,3.7390427126617203,0.8769024529383219,0.026806248007026915,7.912010873240433
Nb18Ta18Ti18W18,3.2508911580116315,2.215613922987146,5.0,0.06133487002798821,4.416110642015151,0.013888888888888888,0.041666666666666664,3.322668448018661,3.777433120319913,0.8796101326440592,0.01603628316506473,7.523248110561326
Nb18Ta18Ti18W18,3.250274900869483,2.215613922987146,5.0,0.06599189718936842,4.751416597634526,0.01388888888888889,0.041666666666666664,3.29068679093527,3.742719581685271,0.8792234414349419,0.01652526251885996,7.576910102283364
Nb18Ta18Ti18W18,3.251509193082794,2.215613922987146,5.0,0.05920489294020384,4.262752291694676,0.01388888888888889,0.04166666666666667,3.356467922326225,3.8083861547762248,0.8813360268408618,0.02353133603476824,7.291069673183301
Cr18Mo18Nb18Ta18W18,3.166874582683542,4.72127709263154,5.6,0.07436570571164353,6.692913514047917,0.011111111111111112,0.04,3.980026837065356,5.7525730853853565,0.6918689737600683,0.01745947094952314,195.60960577219703
Cr18Mo18Nb18Ta18W18,3.166917785758503,4.72127709263154,5.6,0.07175827077806066,6.458244370025459,0.011111111111111112,0.039999999999999994,4.00081279379148,4.2188769239914805,0.9483122797538996,0.014956845206727932,3.1713666275372816
Cr18Mo18Nb18Ta18W18,3.1660010090427244,4.72127709263154,5.6,0.06851844737947155,6.166660264152439,0.011111111111111112,0.04,3.917861313892171,6.7803477343481715,0.5778260153302911,0.013355684529084106,610.5781062809292
Cr18Mo18Nb18Ta18W18,3.1664966564320824,4.72127709263154,5.6,0.05803743417054545,5.2233690753490905,0.011111111111111112,0.039999999999999994,4.0104069050105,6.577286595538498,0.6097357697216413,0.013714567806343924,461.8737256878612
Cr18Mo18Nb18Ta18W18,3.166965192623817,4.72127709263154,5.6,0.0532382755310905,4.791444797798145,0.011111111111111112,0.039999999999999994,3.952475524765116,4.176170204565116,0.9464354495045553,0.011111378774168889,3.268864043553549
Hf18Mo18Nb18Ta18W18,3.284165508456326,5.010146054252312,5.2,0.0825047621093021,7.42542858983719,0.01111111111111111,0.035555555555555556,3.521425495171637,3.772715476171637,0.9333928088171132,0.02309497634040349,3.836145076320463
Hf18Mo18Nb18Ta18W18,3.2839694444608507,5.010146054252312,5.2,0.0835316840286279,7.517851562576511,0.011111111111111112,0.03555555555555556,3.5124076210362905,6.181079796036293,0.5682514604145174,0.03065008399434521,660.8096891853183
Hf18Mo18Nb18Ta18W18,3.284835370038354,5.010146054252312,5.2,0.08696032032365873,7.826428829129286,0.011111111111111112,0.035555555555555556,3.438656094471092,3.942916420871092,0.8721098109686546,0.013941703671244346,8.678059899169966
Hf18Mo18Nb18Ta18W18,3.2850385129288475,5.010146054252312,5.2,0.08844978969949523,7.960481072954571,0.01111111111111111,0.035555555555555556,3.417011366627147,3.9190526892271476,0.8718972766097194,0.024590465080866986,8.71444980542401
Hf18Mo18Nb18Ta18W18,3.2835102487531596,5.010146054252312,5.2,0.08818328240363289,7.93649541632696,0.011111111111111112,0.03555555555555556,3.4440759595729995,3.974763010172999,0.8664858636246336,0.020420876736148917,9.714528428345147
Mo18Nb18Re18Ta18W18,3.2041904475941916,2.7059584822785,5.8,0.04191129527951876,3.7720165751566883,0.01111111111111111,0.04222222222222222,3.989748988046319,0.5487204838263195,7.271004282955018,0.01215949828026525,
Mo18Nb18Re18Ta18W18,3.2034502320155274,2.7059584822785,5.8,0.03523948626061623,3.1715537634554605,0.011111111111111112,0.042222222222222223,3.9410000187593246,4.011593185859324,0.9824027103872753,0.009189534394360002,
Mo18Nb18Re18Ta18W18,3.203288811140255,2.7059584822785,5.8,0.032363391609970225,2.91270524489732,0.011111111111111112,0.042222222222222223,3.9341977086788678,4.011666391378868,0.9806891513046844,0.010695658116774132,
Mo18Nb18Re18Ta18W18,3.203647978743832,2.7059584822785,5.8,0.035977388602344014,3.237964974210961,0.011111111111111112,0.042222222222222223,3.9726589207252974,5.110114654325299,0.7774109172604889,0.010932151047695791,57.438525061408654
Mo18Nb18Re18Ta18W18,3.203160813037867,2.7059584822785,5.8,0.031842942574374075,2.865864831693667,0.01111111111111111,0.04222222222222222,3.951235571623881,5.103838290123883,0.7741694283828837,0.010097460801881928,60.687575904941696
Hf10Mo4Nb10Ta10Ti10Zr10,3.3805820039805603,4.675772119217514,4.518518518518518,0.17102703655255388,9.23545997383791,0.018518518518518517,0.046639231824417,2.6357577086726818,3.5148063928393487,0.7499012503341473,0.0252305708107513,89.453197997389
Hf10Mo4Nb10Ta10Ti10Zr10,3.3793916192589712,4.675772119217514,4.518518518518518,0.15452515292474356,8.344358257936152,0.018518518518518517,0.046639231824417,2.6414784595068657,3.5279528133401996,0.7487283983840939,0.023470547884635165,91.0536175922498
Hf10Mo4Nb10Ta10Ti10Zr10,3.3825775058104863,4.675772119217514,4.518518518518518,0.16888256411182354,9.11965846203847,0.018518518518518517,0.046639231824417,2.6359043920503935,3.510676923883727,0.7508251112820697,0.03369406266477589,88.20680640290266
Hf10Mo4Nb10Ta10Ti10Zr10,3.3795298790159514,4.675772119217514,4.518518518518518,0.16899742015428756,9.125860688331528,0.01851851851851852,0.046639231824417,2.64273594308229,3.5150282264156227,0.7518391810404224,0.03054315291709907,86.8531027833651
Hf10Mo4Nb10Ta10Ti10Zr10,3.378890026861659,4.675772119217514,4.518518518518518,0.15403619626768433,8.317954598454953,0.01851851851851852,0.046639231824417,2.6379845732259306,3.532932548225931,0.7466841037060273,0.03176161556051983,93.89197855534803
Mo11Nb13Ti13V4Zr13,3.300225769528442,5.531865041879148,4.722222222222222,0.14824829476544518,8.00540791733404,0.018518518518518517,0.050411522633744855,2.8806144172910244,3.625577023957691,0.7945257812083486,0.03334768287342157,42.38811992563751
Mo11Nb13Ti13V4Zr13,3.300452797933858,5.531865041879148,4.722222222222222,0.13821115902698355,7.463402587457112,0.018518518518518517,0.050411522633744855,2.9024653703681422,3.641727502368142,0.7970023480561704,0.023714398872677483,40.488169405673034
Mo11Nb13Ti13V4Zr13,3.3008596800465604,5.531865041879148,4.722222222222222,0.13976413629312062,7.547263359828514,0.018518518518518517,0.050411522633744855,2.8781415608663523,3.6255853286996853,0.7938419041149961,0.036946256488864286,42.924662558527416
Mo11Nb13Ti13V4Zr13,3.30161299821538,5.531865041879148,4.722222222222222,0.1521797364296027,8.217705767198545,0.01851851851851852,0.05041152263374486,2.876078959799182,3.6198603256325166,0.7945276063370291,0.026633771809625503,42.38669493086309
Mo11Nb13Ti13V4Zr13,3.301889766046888,5.531865041879148,4.722222222222222,0.1443330122732367,7.7939826627547815,0.018518518518518517,0.050411522633744855,2.882379617797853,3.614227502797854,0.7975091815793386,0.024705476972964324,40.10758495215305
Mo18Re18W18,3.1435748505815644,0.6815487047581077,6.333333333333333,0.03629827420205552,1.960106806910998,0.018518518518518517,0.0802469135802469,4.419324792053819,3.953294087053819,1.1178841479378296,0.013805799794243368,
Mo18Re18W18,3.143183181654437,0.6815487047581077,6.333333333333333,0.03345227908389749,1.8064230705304642,0.01851851851851852,0.08024691358024691,4.412112764934501,2.1036517532678345,2.0973589179295855,0.013497291256473585,
Mo18Re18W18,3.1435231329701447,0.6815487047581077,6.333333333333333,0.03733247145486916,2.015953458562935,0.018518518518518517,0.0802469135802469,4.414029803729393,3.9452170487293916,1.1188306623461917,0.014890174826212552,
Mo18Re18W18,3.1432776155209368,0.6815487047581077,6.333333333333333,0.03398960113240713,1.835438461149985,0.018518518518518517,0.0802469135802469,4.408491615964397,2.103713412631064,2.095576131946035,0.013319180153404246,
Mo18Re18W18,3.143296423650066,0.6815487047581077,6.333333333333333,0.03649779343846421,1.9708808456770672,0.01851851851851852,0.08024691358024691,4.414322034882668,2.8044017195493343,1.574069080086018,0.016514154551134932,
Nb18Ta18Ti18V18W18,3.204759699352073,3.5697373671738317,5.0,0.0755959652729242,6.803636874563178,0.01111111111111111,0.03333333333333333,3.348989460144611,4.074400005464611,0.8219589278551259,0.02756876148988865,24.845271423009763
Nb18Ta18Ti18V18W18,3.2039686767343323,3.5697373671738317,5.0,0.08287738777856767,7.4589649000710905,0.01111111111111111,0.033333333333333326,3.4095748196568922,4.1337256998168925,0.82481883590097,0.018358617780297626,23.426682692826944
Nb18Ta18Ti18V18W18,3.2050592506955575,3.5697373671738317,5.0,0.07946325405704235,7.151692865133811,0.011111111111111112,0.03333333333333333,3.3618748737392656,4.096148466099265,0.820740483789338,0.025245843111277227,25.471397353207067
Nb18Ta18Ti18V18W18,3.2050374682330496,3.5697373671738317,5.0,0.07799066589209679,7.01915993028871,0.011111111111111112,0.03333333333333333,3.3761380418897513,4.14117694368975,0.8152605135683103,0.01893308451982825,28.452851576990724
Nb18Ta18Ti18V18W18,3.205603256638118,3.5697373671738317,5.0,0.0777186328041397,6.994676952372573,0.01111111111111111,0.03333333333333333,3.3673728601309234,4.099147287750923,0.8214813042198584,0.017150263889233096,25.089144876334103
Cr18Mo18Nb18V18,3.0840097055396725,4.833383570896627,5.5,0.06806728077553083,4.9008442158382195,0.01388888888888889,0.04861111111111111,3.8565371308456906,3.9488050820956904,0.9766339565180483,0.01925789023834291,
Cr18Mo18Nb18V18,3.0837197912323333,4.833383570896627,5.5,0.07560218027179728,5.443356979569405,0.013888888888888888,0.048611111111111105,3.881169337183583,4.055265490433583,0.9570691108484279,0.02090129053918427,2.6334885859851056
Cr18Mo18Nb18V18,3.0842650712167803,4.833383570896627,5.5,0.07319286559838972,5.2698863230840605,0.013888888888888888,0.048611111111111105,3.878800107552862,3.9275863733028626,0.9875785632413797,0.013802604283948593,
Cr18Mo18Nb18V18,3.084622190537171,4.833383570896627,5.5,0.07851575506246318,5.653134364497349,0.013888888888888888,0.048611111111111105,3.8729574571215895,3.9573103296215892,0.978684291735072,0.020516788256703795,
Cr18Mo18Nb18V18,3.084476081202133,4.833383570896627,5.5,0.07174041865758271,5.165310143345955,0.013888888888888888,0.048611111111111105,3.8762681456624466,3.9637705956624463,0.9779244414155164,0.015572261874758617,
Mo9Nb9Ti9V18Zr9,3.214750960152278,6.313428818836381,4.833333333333333,0.14995278927973346,8.097450621105606,0.01851851851851852,0.05246913580246913,3.1031211968365593,3.804456670503227,0.8156542354380659,0.01981924387999773,28.22944283186189
Mo9Nb9Ti9V18Zr9,3.2122526846100383,6.313428818836381,4.833333333333333,0.1468322721481562,7.928942696000435,0.018518518518518517,0.052469135802469126,3.1165238841904235,3.811940187690424,0.8175689362215993,0.021572547312234788,27.163483620706756
Mo9Nb9Ti9V18Zr9,3.2147910387146985,6.313428818836381,4.833333333333333,0.15599347835123906,8.423647830966909,0.01851851851851852,0.05246913580246913,3.1045784339994027,3.7983485549994023,0.8173495373175123,0.0230582756819526,27.283914106164957
Mo9Nb9Ti9V18Zr9,3.213041542329614,6.313428818836381,4.833333333333333,0.14143507183718024,7.637493879207733,0.018518518518518517,0.052469135802469126,3.105918472601483,3.794503686434816,0.818530888164638,0.023192789026372063,26.640649723771276
Mo9Nb9Ti9V18Zr9,3.2157963161295378,6.313428818836381,4.833333333333333,0.15982952008032786,8.630794084337705,0.018518518518518517,0.052469135802469126,3.0991998827848866,3.7894824042848865,0.8178425315500936,0.01991144950086553,27.01392165492689
Hf10Mo10Nb10Ti10Zr14,3.380504437730448,5.427697197918727,4.555555555555555,0.18066732977308003,9.756035807746322,0.018518518518518517,0.04732510288065843,2.6334619946835627,3.4738225966835627,0.7580876459257628,0.03141660446776943,78.83908340534799
Hf10Mo10Nb10Ti10Zr14,3.380254416657433,5.427697197918727,4.555555555555555,0.18821827733858068,10.163786976283356,0.01851851851851852,0.047325102880658436,2.640157017981017,3.481179134481017,0.7584088367732384,0.036766190867293394,78.44213223452243
Hf10Mo10Nb10Ti10Zr14,3.3808561883722494,5.427697197918727,4.555555555555555,0.18242361831296827,9.850875388900286,0.018518518518518517,0.04732510288065843,2.6487138225310636,3.48255149769773,0.760567022277228,0.02940685273744737,75.8122730576415
Hf10Mo10Nb10Ti10Zr14,3.3789804261431255,5.427697197918727,4.555555555555555,0.17119722495441828,9.244650147538588,0.018518518518518517,0.04732510288065843,2.6714964067158435,3.508830677049177,0.7613637284323145,0.03088052183142528,74.85778775543986
Hf10Mo10Nb10Ti10Zr14,3.379811248190033,5.427697197918727,4.555555555555555,0.19120238041897966,10.324928542624901,0.018518518518518517,0.047325102880658436,2.6406147118445262,3.48943233367786,0.756746215239348,0.030757453099129292,80.51262044432406
Hf18Nb18Ta18Zr18,3.4321162387540833,4.425042826381599,4.5,0.14246608323506255,10.257557992924504,0.013888888888888888,0.034722222222222224,2.5746752070593035,3.3112324955593033,0.7775579668634572,0.019638882245871278,57.294258027655815
Hf18Nb18Ta18Zr18,3.432939807747799,4.425042826381599,4.5,0.14896376299530717,10.725390935662116,0.01388888888888889,0.034722222222222224,2.528278397544527,3.175301406794526,0.7962325693348367,0.016268212384354636,41.071535580229465
Hf18Nb18Ta18Zr18,3.4332990048797924,4.425042826381599,4.5,0.15260611823663062,10.987640513037405,0.013888888888888888,0.03472222222222222,2.5532553632593333,5.166373807809333,0.49420647019383507,0.017821267796210134,1146.5732649812762
Hf18Nb18Ta18Zr18,3.433279532245162,4.425042826381599,4.5,0.14829166879670108,10.677000153362478,0.013888888888888888,0.034722222222222224,2.536525239745987,3.236473100058488,0.7837312906138933,0.023185468447129255,51.47738561708866
Hf18Nb18Ta18Zr18,3.432611086451846,4.425042826381599,4.5,0.14493991358708977,10.435673778270463,0.01388888888888889,0.034722222222222224,2.5579942020881155,3.2943658599881154,0.7764754465059153,0.021058946775046113,58.36261443929652
Mo16Nb16Ta16Ti16V16W16,3.1883747698908644,3.391508740226041,5.166666666666667,0.05684797846781695,5.457405932910428,0.010416666666666666,0.03298611111111111,2.5579942020881155,3.2943658599881154,0.7764754465059153,0.021058946775046113,58.36261443929652
Mo16Nb16Ta16Ti16V16W16,3.188211369412363,3.391508740226041,5.166666666666667,0.0537912674128937,5.163961671637796,0.010416666666666666,0.03298611111111111,2.5579942020881155,3.2943658599881154,0.7764754465059153,0.021058946775046113,58.36261443929652
Mo16Nb16Ta16Ti16V16W16,3.187823069207255,3.391508740226041,5.166666666666667,0.057628070558856825,5.532294773650255,0.010416666666666666,0.03298611111111112,2.5579942020881155,3.2943658599881154,0.7764754465059153,0.021058946775046113,58.36261443929652
Mo16Nb16Ta16Ti16V16W16,3.1889116803595354,3.391508740226041,5.166666666666667,0.0649282929630058,6.233116124448557,0.010416666666666666,0.03298611111111111,2.5579942020881155,3.2943658599881154,0.7764754465059153,0.021058946775046113,58.36261443929652
Mo16Nb16Ta16Ti16V16W16,3.187321639221004,3.391508740226041,5.166666666666667,0.06306474033355587,6.054215072021364,0.010416666666666666,0.03298611111111111,2.5579942020881155,3.2943658599881154,0.7764754465059153,0.021058946775046113,58.36261443929652
Re6Ta16W32,3.1965070079518823,2.411126665547757,5.814814814814815,0.027906536260584463,1.506952958071561,0.018518518518518517,0.07064471879286695,3.98454142096921,3.9556426531358766,1.0073057074077263,0.02445972637145049,
Re6Ta16W32,3.196253428464847,2.411126665547757,5.814814814814815,0.027215479538334135,1.4696358950700432,0.01851851851851852,0.07064471879286695,3.996388283862007,3.968922750028673,1.0069201482526047,0.02325726632567371,
Re6Ta16W32,3.1961057066494387,2.411126665547757,5.814814814814815,0.0267631315495579,1.4452091036761268,0.018518518518518517,0.07064471879286693,3.9885294426441944,3.9614939744775284,1.0068245637481328,0.02370152812325455,
Re6Ta16W32,3.1964743315797457,2.411126665547757,5.814814814814815,0.024922461066109187,1.3458128975698962,0.018518518518518517,0.07064471879286693,3.9975433433435117,3.9693644731768454,1.0070990886216387,0.02364678080928722,
Re6Ta16W32,3.196195760444875,2.411126665547757,5.814814814814815,0.027199961162700497,1.468797902785827,0.018518518518518517,0.07064471879286695,3.9981290746475553,3.9693912639808886,1.00723985335672,0.021922991154710813,
Mo17Nb11Ti11V4Zr11,3.2697771048478184,5.5751262478355335,4.907407407407407,0.12348843586898023,6.668375536924932,0.018518518518518517,0.05384087791495199,3.121768461440122,3.731642558273456,0.8365668503053229,0.0329705598539857,18.313139593325104
Mo17Nb11Ti11V4Zr11,3.26884795226494,5.5751262478355335,4.907407407407407,0.12028154379459526,6.495203364908144,0.018518518518518517,0.05384087791495199,3.101696844297977,3.7020597642979776,0.8378300302470002,0.023841431804442436,17.828100115819325
Mo17Nb11Ti11V4Zr11,3.269736574825878,5.5751262478355335,4.907407407407407,0.12303266596226567,6.643763961962346,0.018518518518518517,0.05384087791495199,3.0886277846840255,3.6885551196840245,0.8373543798224734,0.028994524791853993,18.00932959221791
Mo17Nb11Ti11V4Zr11,3.27022990340444,5.5751262478355335,4.907407407407407,0.11892628081315025,6.422019163910114,0.018518518518518517,0.05384087791495199,3.098442143774991,3.698087860941658,0.8378497916450321,0.02627534043102621,17.820607481133266
Mo17Nb11Ti11V4Zr11,3.2703728074292497,5.5751262478355335,4.907407407407407,0.12345688726472587,6.666671912295197,0.018518518518518517,0.05384087791495199,3.110463142369793,3.711824487203127,0.837987667006728,0.02736685251852581,17.76841269976103
Nb18Ta18V18W18,3.2021658900534167,3.5881654748165124,5.25,0.060051820825953346,4.323731099468641,0.01388888888888889,0.04513888888888889,3.5336156351510057,3.8092282426510056,0.9276460768577655,0.022189464326614797,4.0554988674539345
Nb18Ta18V18W18,3.2015368477334225,3.5881654748165124,5.25,0.05472562060119403,3.94024468328597,0.01388888888888889,0.045138888888888895,3.590782115201108,3.8877671453261082,0.9236103863673942,0.020273125545519317,4.210705849511214
Nb18Ta18V18W18,3.2012438984040887,3.5881654748165124,5.25,0.06126303743173773,4.410938695085116,0.01388888888888889,0.04513888888888889,3.5836943811870015,3.8639823639495012,0.9274613711031516,0.016401025773361482,4.062523593425794
Nb18Ta18V18W18,3.2008925399446917,3.5881654748165124,5.25,0.05680433224361717,4.089911921540436,0.01388888888888889,0.04513888888888889,3.6039589159461465,3.0994211654461465,1.1627845083220156,0.015585409185809177,
Nb18Ta18V18W18,3.2014775937179083,3.5881654748165124,5.25,0.06024617881476139,4.33772487466282,0.013888888888888888,0.04513888888888889,3.566954901110988,3.8519898796609864,0.9260031860272997,0.01746977129970183,4.118168083625278
Mo18Nb18Ti18V18Zr18,3.256461430409086,6.057474773359791,4.8,0.14581172440692833,13.12305519662355,0.01111111111111111,0.03111111111111111,3.0716011884953893,3.911238709795389,0.7853269555761979,0.018676487966322364,50.04864728177381
Mo18Nb18Ti18V18Zr18,3.2559184445002507,6.057474773359791,4.8,0.16252819421784553,14.627537479606097,0.011111111111111112,0.03111111111111111,3.113932572643171,3.741175315143171,0.8323407245949938,0.023205702306541766,20.02494866613597
Mo18Nb18Ti18V18Zr18,3.257351725333479,6.057474773359791,4.8,0.15244293566682776,13.7198642100145,0.01111111111111111,0.03111111111111111,3.0652729037434576,3.864635273543458,0.7931596869509835,0.019512209603212333,43.465079726031036
Mo18Nb18Ti18V18Zr18,3.2578336463395585,6.057474773359791,4.8,0.15382680182402378,13.84441216416214,0.011111111111111112,0.03111111111111111,3.0905581763696826,3.648760662469682,0.8470158671020704,0.01749917771536627,14.650027709723872
Mo18Nb18Ti18V18Zr18,3.2555889465830576,6.057474773359791,4.8,0.1524564524542898,13.72108072088608,0.011111111111111112,0.031111111111111114,3.0607130993429448,3.8594003156429446,0.7930540625540304,0.0187712708821999,43.549213828866414
Nb18Ta18Ti18,3.2887616237163573,0.322144319447174,4.666666666666667,0.070075033724384,3.7840518211167367,0.018518518518518517,0.04938271604938271,2.933213749759533,3.7687368650928663,0.7783015516227225,0.028853101562107724,56.56886057896372
Nb18Ta18Ti18,3.2885740388947142,0.322144319447174,4.666666666666667,0.06998544425618246,3.7792139898338526,0.018518518518518517,0.04938271604938272,2.937038565732466,3.7603195655657995,0.7810608950972342,0.021415811844093184,53.936608039102794
Nb18Ta18Ti18,3.2884343216251053,0.322144319447174,4.666666666666667,0.07193544257765211,3.884513899193214,0.018518518518518517,0.04938271604938271,2.9265244053016835,3.758655341301684,0.7786094067055853,0.02220982345051558,56.27054210209644
Nb18Ta18Ti18,3.288952242792431,0.322144319447174,4.666666666666667,0.06833356325559682,3.690012415802228,0.01851851851851852,0.04938271604938272,2.9259077179860165,3.7718491439360164,0.7757223595991329,0.023426880982126946,59.11450738582971
Nb18Ta18Ti18,3.288242047982577,0.322144319447174,4.666666666666667,0.06684602333053923,3.6096852598491185,0.018518518518518517,0.04938271604938271,2.9445570323484334,3.7767317545151,0.7796574455753184,0.021855570558338464,55.26373802045964
Mo18Re18Ta18W18,3.177281982622792,2.4375747470904314,6.0,0.029160159418863026,2.099531478158138,0.01388888888888889,0.05555555555555556,4.156970468787926,3.8306382347129264,1.0851900425150576,0.013497871418368985,
Mo18Re18Ta18W18,3.1768082634451935,2.4375747470904314,6.0,0.023779982948243423,1.7121587722735265,0.013888888888888888,0.05555555555555555,4.191555791637816,3.848369594850315,1.0891770367499873,0.017291726721601428,
Mo18Re18Ta18W18,3.1779176499634856,2.4375747470904314,6.0,0.03254244210209782,2.3430558313510432,0.013888888888888888,0.05555555555555555,4.302372883477839,4.0309528571028395,1.0673339619680091,0.017869726499670505,
Mo18Re18Ta18W18,3.1770807745322607,2.4375747470904314,6.0,0.025729618144383307,1.852532506395598,0.01388888888888889,0.05555555555555556,4.180325837365923,3.835773069540924,1.0898261606144068,0.018496586208980526,
Mo18Re18Ta18W18,3.177554758723932,2.4375747470904314,6.0,0.028137708109664507,2.0259149838958446,0.013888888888888888,0.05555555555555555,4.160195355716495,3.8397333410539947,1.0834594452787012,0.024173201911121173,
Cr18Hf18Nb18Ti18Zr18,3.323398471929667,7.821511420804201,4.6,0.2675965437463974,24.08368893717577,0.01111111111111111,0.028888888888888884,2.800889150864045,6.297807701484045,0.44474034197710266,0.025605792162061155,1578.2428446218382
Cr18Hf18Nb18Ti18Zr18,3.3237283685852974,7.821511420804201,4.6,0.2691997137446136,24.227974237015225,0.011111111111111112,0.02888888888888888,2.802459869124251,3.639112479784251,0.7700943251114893,0.02987545808957874,64.96226405527523
Cr18Hf18Nb18Ti18Zr18,3.3257639755822894,7.821511420804201,4.6,0.25900384510059293,23.310346059053366,0.01111111111111111,0.02888888888888888,2.7527128112597263,3.5215370063597256,0.7816793650864552,0.02741620271980862,53.359387247686755
Cr18Hf18Nb18Ti18Zr18,3.326412247495875,7.821511420804201,4.6,0.2831795728521873,25.48616155669686,0.01111111111111111,0.02888888888888888,2.890675401469085,5.360348009669087,0.5392700989291807,0.02649942283730679,829.7254427596254
Cr18Hf18Nb18Ti18Zr18,3.3262658479208778,7.821511420804201,4.6,0.29722863857350035,26.75057747161503,0.011111111111111112,0.028888888888888884,2.847087480007474,5.999916919167477,0.474521150603286,0.027487043649558555,1307.3236451729645
Nb18Ti18V18Zr18,3.2927799112774365,6.270924129235418,4.5,0.1903076090827217,13.702147853955964,0.013888888888888888,0.03472222222222222,2.6999921628216548,3.465112095721655,0.7791933098370216,0.017252647791516088,55.707943397488634
Nb18Ti18V18Zr18,3.2934616679068904,6.270924129235418,4.5,0.1837471072295664,13.22979172052878,0.013888888888888888,0.034722222222222224,2.7136387616958335,3.535093466745833,0.7676285753750736,0.013913001720876405,67.65375814224353
Nb18Ti18V18Zr18,3.294898535085589,6.270924129235418,4.5,0.1963532624654488,14.137434897512312,0.01388888888888889,0.034722222222222224,2.7016806563028384,3.637571809302838,0.7427154151001163,0.01627167067054528,99.58168540134284
Nb18Ti18V18Zr18,3.2956335364217604,6.270924129235418,4.5,0.18835010163682797,13.561207317851613,0.01388888888888889,0.034722222222222224,2.6890347530977694,3.526963369597769,0.7624220813510856,0.01970275735134119,73.60335986472273
Nb18Ti18V18Zr18,3.2939239534467974,6.270924129235418,4.5,0.1973345964264929,14.20809094270749,0.013888888888888888,0.03472222222222222,2.6651510702739474,3.489057841323947,0.7638598130154923,0.013414136897737187,71.9238199039537
Mo18Nb18Ta18,3.2565384463001346,2.2968665746198766,5.333333333333333,0.053213270835583255,2.873516625121496,0.018518518518518517,0.061728395061728385,3.595659854885796,3.858728728219129,0.9318249890412109,0.023955008307322376,3.89653354035363
Mo18Nb18Ta18,3.2563990449360043,2.2968665746198766,5.333333333333333,0.05171862609411916,2.792805809082435,0.018518518518518517,0.061728395061728385,3.597076303567433,3.863429881234099,0.9310577425099832,0.023911752290094165,3.9258532738767826
Mo18Nb18Ta18,3.2559638486763935,2.2968665746198766,5.333333333333333,0.04713439081497251,2.5452571040085155,0.01851851851851852,0.06172839506172839,3.603742894016093,3.872184425016093,0.9306743942086684,0.02291372869227472,3.9404617851669173
Mo18Nb18Ta18,3.256522809811401,2.2968665746198766,5.333333333333333,0.050305044691995926,2.71647241336778,0.018518518518518517,0.061728395061728385,3.5871572842107255,3.859433429044058,0.9294517835741573,0.024314175706286103,3.9869346618052077
Mo18Nb18Ta18,3.256045510423016,2.2968665746198766,5.333333333333333,0.04579604399235001,2.4729863755869004,0.01851851851851852,0.06172839506172839,3.6054674833261284,3.869785637826128,0.9316969519147624,0.023624967439699676,3.9014351066598465
Mo18Nb18Ta18Ti18,3.2460809901355288,2.215613922987146,5.0,0.0778247688136364,5.603383354581821,0.013888888888888888,0.041666666666666664,3.455765004434698,3.9153262909346975,0.8826250349647642,0.014421538956855995,7.125293100061754
Mo18Nb18Ta18Ti18,3.245728205759404,2.215613922987146,5.0,0.07116483668940993,5.123868241637515,0.013888888888888888,0.041666666666666664,3.4443198618644124,3.114369976589412,1.1059443443634571,0.017382989126444898,
Mo18Nb18Ta18Ti18,3.245201986893538,2.215613922987146,5.0,0.07139209940397663,5.140231157086317,0.01388888888888889,0.04166666666666667,3.3289724059376047,3.7799859655376045,0.8806838004924035,0.016812650005050785,7.377418023204882
Mo18Nb18Ta18Ti18,3.245654917174769,2.215613922987146,5.0,0.0807639013047832,5.81500089394439,0.01388888888888889,0.04166666666666667,3.4169868780323234,3.849731587407324,0.8875909399007111,0.018214812911765847,6.544217978489542
Mo18Nb18Ta18Ti18,3.247157086276536,2.215613922987146,5.0,0.07309569803479696,5.262890258505381,0.013888888888888888,0.041666666666666664,3.6172392721332085,4.079874626633209,0.8866054972670139,0.0181690582607675,6.65253952697276
Hf18Nb18Ti18Zr18,3.4275244268143776,4.260916604707621,4.25,0.22708159519913973,16.34987485433806,0.013888888888888888,0.03125,2.369628522561442,5.74725954573644,0.4123058135280027,0.030978549876126724,1913.5519416513143
Hf18Nb18Ti18Zr18,3.4286761498579086,4.260916604707621,4.25,0.22497973816057318,16.19854114756127,0.01388888888888889,0.03125,2.3371781359926445,5.010008462617644,0.4665018339652682,0.024803524498586457,1376.9251043672048
Hf18Nb18Ti18Zr18,3.4289652015409677,4.260916604707621,4.25,0.2315485706745269,16.671497088565935,0.01388888888888889,0.03125,2.3227786949607334,3.2674157568607334,0.7108916856030626,0.02428346774969031,154.3622872738797
Hf18Nb18Ti18Zr18,3.4265333976807306,4.260916604707621,4.25,0.23637579049960447,17.01905691597152,0.01388888888888889,0.03125,2.3397288789684167,3.205703545343417,0.7298643950926439,0.021395750415100872,119.6869127316495
Hf18Nb18Ti18Zr18,3.429254838581738,4.260916604707621,4.25,0.2252501857982735,16.218013377475692,0.013888888888888888,0.03125,2.3252628245548346,5.299301973304833,0.4387866244022924,0.024119736164641133,1636.5707226700542
Hf18Nb18Ta18Ti18Zr18,3.4033159232432357,4.266744493086079,4.4,0.20547710881550935,18.49293979339584,0.011111111111111112,0.026666666666666672,2.539080337735475,3.5088508175354747,0.7236216270712982,0.027586856627476397,130.41851634101658
Hf18Nb18Ta18Ti18Zr18,3.4016400345390148,4.266744493086079,4.4,0.18022865243985686,16.220578719587117,0.011111111111111112,0.026666666666666672,2.51194920840374,3.5772362498037404,0.7022038895366651,0.020659834379564188,172.3611110365582
Hf18Nb18Ta18Ti18Zr18,3.402962939287391,4.266744493086079,4.4,0.18256036363470862,16.430432727123776,0.011111111111111112,0.026666666666666672,2.554995673099028,5.919696051299028,0.4316092669214588,0.026239554756865322,1708.787484594437
Hf18Nb18Ta18Ti18Zr18,3.4018656662007816,4.266744493086079,4.4,0.18187104821737063,16.368394339563356,0.011111111111111112,0.026666666666666672,2.518129324983164,5.259154716783164,0.47880875551107827,0.026704331859417254,1271.0991923115926
Hf18Nb18Ta18Ti18Zr18,3.403274104397221,4.266744493086079,4.4,0.18853494816647826,16.968145334983042,0.011111111111111112,0.026666666666666672,2.5008381148972,5.0233982108972,0.49783791965211127,0.023419705629665888,1118.4510327122644
Mo18Nb18Ta18W18Zr18,3.2912401024349647,5.252134113063246,5.2,0.08564426095909722,7.70798348631875,0.01111111111111111,0.035555555555555556,3.363993546556802,3.8154884310568016,0.8816678669957476,0.01426911280442879,7.247777841856077
Mo18Nb18Ta18W18Zr18,3.2926597267289104,5.252134113063246,5.2,0.08595498698004568,7.735948828204111,0.011111111111111112,0.03555555555555556,3.33972654871038,3.82281325051038,0.8736305777595849,0.007015106587363921,8.42378744274356
Mo18Nb18Ta18W18Zr18,3.2926846873675633,5.252134113063246,5.2,0.0896091724520544,8.064825520684895,0.011111111111111112,0.035555555555555556,3.3379946923621198,3.7990718893621196,0.8786342531998212,0.013095457112129207,7.659849897509048
Mo18Nb18Ta18W18Zr18,3.2925924424207564,5.252134113063246,5.2,0.0832482202921631,7.492339826294679,0.01111111111111111,0.035555555555555556,3.330631826055824,3.822412372855824,0.8713428853746155,0.01514006646894285,8.810371212703103
Mo18Nb18Ta18W18Zr18,3.2916695700249505,5.252134113063246,5.2,0.09185821888695324,8.267239699825792,0.01111111111111111,0.035555555555555556,3.3698436370754252,3.8274882358754256,0.8804321344451298,0.009472042151936198,7.411186188548527
Nb18Ta18Ti18V18Zr18,3.2967097606980027,5.618352055108871,4.6,0.1701630710840046,15.314676397560415,0.011111111111111112,0.028888888888888884,2.868293377171282,6.396769242351281,0.44839719372415165,0.022411368331824597,1543.117898473447
Nb18Ta18Ti18V18Zr18,3.296791449966696,5.618352055108871,4.6,0.18175524527779896,16.357972075001907,0.01111111111111111,0.028888888888888884,2.865660151033782,5.5867658189117835,0.5129372241330081,0.021009167283709388,1006.4896436637719
Nb18Ta18Ti18V18Zr18,3.2980087150240327,5.618352055108871,4.6,0.1700844551977664,15.307600967798976,0.011111111111111112,0.028888888888888888,2.8025833429380307,6.231253990218029,0.4497623347303116,0.01825175153619255,1530.1410654205247
Nb18Ta18Ti18V18Zr18,3.2989172970141136,5.618352055108871,4.6,0.1709313157405142,15.383818416646278,0.011111111111111112,0.028888888888888884,2.868037930848294,6.119831943348292,0.4686465179759705,0.019929529088512917,1358.0730957488013
Nb18Ta18Ti18V18Zr18,3.2973757297923743,5.618352055108871,4.6,0.16832916019157898,15.149624417242109,0.011111111111111112,0.028888888888888884,2.7802304166378624,3.7163198266978617,0.7481138724026984,0.015084541904897244,91.90030173640116
